
{
  "header": {
    "event": "Allocation failed - JavaScript heap out of memory",
    "trigger": "FatalError",
    "filename": "report.20190928.080924.10505.001.json",
    "dumpEventTime": "2019-09-28T08:09:24Z",
    "dumpEventTimeStamp": "1569647364768",
    "processId": 10505,
    "commandLine": [
      "/usr/local/Cellar/node/11.12.0/bin/node",
      "app.js"
    ],
    "nodejsVersion": "v11.12.0",
    "wordSize": 64,
    "arch": "x64",
    "platform": "darwin",
    "componentVersions": {
      "node": "11.12.0",
      "v8": "7.0.276.38-node.18",
      "uv": "1.26.0",
      "zlib": "1.2.11",
      "brotli": "1.0.7",
      "ares": "1.15.0",
      "modules": "67",
      "nghttp2": "1.34.0",
      "napi": "4",
      "llhttp": "1.1.1",
      "http_parser": "2.8.0",
      "openssl": "1.1.1b",
      "cldr": "34.0",
      "icu": "63.1",
      "tz": "2018e",
      "unicode": "11.0"
    },
    "release": {
      "name": "node",
      "headersUrl": "https://nodejs.org/download/release/v11.12.0/node-v11.12.0-headers.tar.gz",
      "sourceUrl": "https://nodejs.org/download/release/v11.12.0/node-v11.12.0.tar.gz"
    },
    "osName": "Darwin",
    "osRelease": "18.7.0",
    "osVersion": "Darwin Kernel Version 18.7.0: Tue Aug 20 16:57:14 PDT 2019; root:xnu-4903.271.2~2/RELEASE_X86_64",
    "osMachine": "x86_64",
    "host": "Starship"
  },
  "javascriptStack": {
    "message": "No stack.",
    "stack": [
      "Unavailable."
    ]
  },
  "nativeStack": [
    {
      "pc": "0x0000000100126571",
      "symbol": "report::TriggerNodeReport(v8::Isolate*, node::Environment*, char const*, char const*, std::__1::basic_string<char, std::__1::char_traits<char>, std::__1::allocator<char> > const&, v8::Local<v8::String>) [/usr/local/Cellar/node/11.12.0/bin/node]"
    },
    {
      "pc": "0x000000010006304a",
      "symbol": "node::OnFatalError(char const*, char const*) [/usr/local/Cellar/node/11.12.0/bin/node]"
    },
    {
      "pc": "0x000000010017d453",
      "symbol": "v8::Utils::ReportOOMFailure(v8::internal::Isolate*, char const*, bool) [/usr/local/Cellar/node/11.12.0/bin/node]"
    },
    {
      "pc": "0x000000010017d3f4",
      "symbol": "v8::internal::V8::FatalProcessOutOfMemory(v8::internal::Isolate*, char const*, bool) [/usr/local/Cellar/node/11.12.0/bin/node]"
    },
    {
      "pc": "0x000000010043a320",
      "symbol": "v8::internal::Heap::UpdateSurvivalStatistics(int) [/usr/local/Cellar/node/11.12.0/bin/node]"
    },
    {
      "pc": "0x000000010043bd61",
      "symbol": "v8::internal::Heap::CheckIneffectiveMarkCompact(unsigned long, double) [/usr/local/Cellar/node/11.12.0/bin/node]"
    },
    {
      "pc": "0x00000001004396a7",
      "symbol": "v8::internal::Heap::PerformGarbageCollection(v8::internal::GarbageCollector, v8::GCCallbackFlags) [/usr/local/Cellar/node/11.12.0/bin/node]"
    },
    {
      "pc": "0x0000000100438495",
      "symbol": "v8::internal::Heap::CollectGarbage(v8::internal::AllocationSpace, v8::internal::GarbageCollectionReason, v8::GCCallbackFlags) [/usr/local/Cellar/node/11.12.0/bin/node]"
    },
    {
      "pc": "0x0000000100440359",
      "symbol": "v8::internal::Heap::AllocateRawWithLightRetry(int, v8::internal::AllocationSpace, v8::internal::AllocationAlignment) [/usr/local/Cellar/node/11.12.0/bin/node]"
    },
    {
      "pc": "0x00000001004403a8",
      "symbol": "v8::internal::Heap::AllocateRawWithRetryOrFail(int, v8::internal::AllocationSpace, v8::internal::AllocationAlignment) [/usr/local/Cellar/node/11.12.0/bin/node]"
    },
    {
      "pc": "0x0000000100420bd7",
      "symbol": "v8::internal::Factory::NewFillerObject(int, bool, v8::internal::AllocationSpace) [/usr/local/Cellar/node/11.12.0/bin/node]"
    },
    {
      "pc": "0x00000001005fd551",
      "symbol": "v8::internal::Runtime_AllocateInNewSpace(int, v8::internal::Object**, v8::internal::Isolate*) [/usr/local/Cellar/node/11.12.0/bin/node]"
    },
    {
      "pc": "0x000034040eccfc7d",
      "symbol": ""
    }
  ],
  "javascriptHeap": {
    "totalMemory": 1509302272,
    "totalCommittedMemory": 1501166344,
    "usedMemory": 1470602608,
    "availableMemory": 23374136,
    "memoryLimit": 1526909922,
    "heapSpaces": {
      "read_only_space": {
        "memorySize": 524288,
        "committedMemory": 42224,
        "capacity": 515584,
        "used": 33520,
        "available": 482064
      },
      "new_space": {
        "memorySize": 10485760,
        "committedMemory": 3759000,
        "capacity": 5155840,
        "used": 1103328,
        "available": 4052512
      },
      "old_space": {
        "memorySize": 1487081472,
        "committedMemory": 1486691184,
        "capacity": 1462352848,
        "used": 1460928968,
        "available": 1423880
      },
      "code_space": {
        "memorySize": 2097152,
        "committedMemory": 1621216,
        "capacity": 1503552,
        "used": 1503552,
        "available": 0
      },
      "map_space": {
        "memorySize": 2109440,
        "committedMemory": 2048560,
        "capacity": 1410960,
        "used": 1410960,
        "available": 0
      },
      "large_object_space": {
        "memorySize": 7004160,
        "committedMemory": 7004160,
        "capacity": 23037960,
        "used": 5622280,
        "available": 17415680
      },
      "new_large_object_space": {
        "memorySize": 0,
        "committedMemory": 0,
        "capacity": 0,
        "used": 0,
        "available": 0
      }
    }
  },
  "resourceUsage": {
    "userCpuSeconds": 32.2232,
    "kernelCpuSeconds": 3.29459,
    "cpuConsumptionPercent": 3.22303,
    "maxRss": 1545370337280,
    "pageFaults": {
      "IORequired": 1013,
      "IONotRequired": 916008
    },
    "fsActivity": {
      "reads": 0,
      "writes": 0
    }
  },
  "libuv": [
  ],
  "environmentVariables": {
    "npm_config_save_dev": "",
    "npm_config_legacy_bundling": "",
    "npm_config_dry_run": "",
    "npm_package_engines_npm": ">=6.4.1",
    "npm_package_dependencies_request": "^2.88.0",
    "npm_package_dependencies_express_flash": "^0.0.2",
    "npm_config_viewer": "man",
    "npm_config_only": "",
    "npm_config_commit_hooks": "true",
    "npm_config_browser": "",
    "npm_package_gitHead": "9b172feb79ea7ef082f76d67dbd7a3f7f7e2fe81",
    "npm_package_dependencies_node_quickbooks": "^2.0.32",
    "npm_config_also": "",
    "npm_package_dependencies_mongoose": "^5.6.9",
    "npm_package_dependencies_instagram_node": "^0.5.8",
    "npm_config_sign_git_commit": "",
    "npm_config_rollback": "true",
    "TERM_PROGRAM": "iTerm.app",
    "NODE": "/usr/local/Cellar/node/11.12.0/bin/node",
    "npm_config_usage": "",
    "npm_config_audit": "true",
    "npm_package_dependencies_cheerio": "^1.0.0-rc.3",
    "INIT_CWD": "/Users/fahad/Development/dates-hackathon",
    "npm_package_homepage": "https://github.com/sahat/hackathon-starter#readme",
    "npm_package_devDependencies_sinon": "^7.4.1",
    "npm_package_dependencies_nodemailer": "^6.3.0",
    "npm_package_dependencies_moment": "^2.24.0",
    "npm_package_dependencies_axios": "^0.19.0",
    "npm_config_globalignorefile": "/usr/local/etc/npmignore",
    "npm_package_devDependencies_mocha": "^6.2.0",
    "SHELL": "/bin/bash",
    "TERM": "xterm-256color",
    "npm_config_shell": "/bin/bash",
    "npm_config_maxsockets": "50",
    "npm_config_init_author_url": "",
    "npm_package_dependencies_passport_oauth2_refresh": "^1.1.0",
    "npm_config_shrinkwrap": "true",
    "npm_config_parseable": "",
    "npm_config_metrics_registry": "https://registry.npmjs.org/",
    "TMPDIR": "/var/folders/7r/8c_vgyyd22g48w9cjg41vdl80000gn/T/",
    "npm_config_timing": "",
    "npm_config_init_license": "ISC",
    "npm_package_devDependencies_supertest": "^4.0.2",
    "npm_package_dependencies_passport_openid": "^0.4.0",
    "npm_package_scripts_lint": "eslint \"**/*.js\"",
    "Apple_PubSub_Socket_Render": "/private/tmp/com.apple.launchd.Ja0oCZEp5q/Render",
    "npm_config_if_present": "",
    "TERM_PROGRAM_VERSION": "3.3.4",
    "npm_package_scripts_dev": "nodemon app.js",
    "npm_config_sign_git_tag": "",
    "npm_config_init_author_email": "",
    "npm_config_cache_max": "Infinity",
    "npm_package_dependencies_connect_mongo": "^3.0.0",
    "npm_config_preid": "",
    "npm_config_long": "",
    "npm_config_local_address": "",
    "npm_config_git_tag_version": "true",
    "npm_config_cert": "",
    "TERM_SESSION_ID": "w0t0p0:675466EE-71FA-4A55-9F3F-86DF24111DF0",
    "npm_config_registry": "https://registry.npmjs.org/",
    "npm_config_noproxy": "",
    "npm_config_fetch_retries": "2",
    "npm_package_devDependencies_sinon_mongoose": "^2.3.0",
    "npm_package_dependencies_passport_local": "^1.0.0",
    "npm_package_repository_url": "git+https://github.com/sahat/hackathon-starter.git",
    "npm_config_versions": "",
    "npm_config_message": "%s",
    "npm_config_key": "",
    "npm_package_readmeFilename": "README.md",
    "npm_package_dependencies_lob": "^6.0.6",
    "npm_package_dependencies_express_validator": "^6.2.0",
    "npm_package_description": "Dates Hackathon App for Farmers to Increase Production",
    "USER": "fahad",
    "npm_package_license": "MIT",
    "npm_package_dependencies_popper_js": "^1.15.0",
    "npm_package_dependencies_passport_twitter": "^1.0.4",
    "npm_package_dependencies_lusca": "^1.6.1",
    "npm_package_dependencies_fbgraph": "^1.4.4",
    "npm_config_globalconfig": "/usr/local/etc/npmrc",
    "npm_config_prefer_online": "",
    "npm_config_logs_max": "10",
    "npm_config_always_auth": "",
    "npm_package_dependencies_twit": "^2.2.11",
    "npm_package_dependencies_twilio": "^3.33.3",
    "npm_package_dependencies_compression": "^1.7.4",
    "npm_package_dependencies_lodash": "^4.17.15",
    "npm_package_dependencies_lastfm": "^0.9.3",
    "SSH_AUTH_SOCK": "/private/tmp/com.apple.launchd.uH9LTNBWy2/Listeners",
    "npm_package_devDependencies_eslint": "^6.1.0",
    "npm_package_dependencies_express_status_monitor": "^1.2.6",
    "__CF_USER_TEXT_ENCODING": "0x1F5:0x0:0x0",
    "npm_execpath": "/usr/local/lib/node_modules/npm/bin/npm-cli.js",
    "npm_config_global_style": "",
    "npm_config_cache_lock_retries": "10",
    "npm_config_update_notifier": "true",
    "npm_config_cafile": "",
    "npm_package_author_name": "Fahad Alarefi",
    "npm_config_heading": "npm",
    "npm_config_audit_level": "low",
    "npm_config_searchlimit": "20",
    "npm_config_read_only": "",
    "npm_config_offline": "",
    "npm_config_fetch_retry_mintimeout": "10000",
    "npm_config_json": "",
    "npm_config_access": "",
    "npm_config_argv": "{\"remain\":[],\"cooked\":[\"run\",\"dev\"],\"original\":[\"run\",\"dev\"]}",
    "npm_package_scripts_postinstall": "npm rebuild node-sass",
    "PATH": "/usr/local/lib/node_modules/npm/node_modules/npm-lifecycle/node-gyp-bin:/Users/fahad/Development/dates-hackathon/node_modules/.bin:/usr/local/bin:/usr/bin:/bin:/usr/sbin:/sbin:/Users/fahad/.composer/vendor/bin",
    "npm_config_allow_same_version": "",
    "npm_package_dependencies_passport_facebook": "^3.0.0",
    "npm_package_dependencies_multer": "^1.4.2",
    "npm_package_dependencies_mongoose_sequence": "^5.2.1",
    "npm_config_https_proxy": "",
    "npm_config_engine_strict": "",
    "npm_config_description": "true",
    "npm_package_dependencies_pug": "^2.0.4",
    "_": "/Users/fahad/Development/dates-hackathon/node_modules/.bin/nodemon",
    "npm_config_userconfig": "/Users/fahad/.npmrc",
    "npm_config_init_module": "/Users/fahad/.npm-init.js",
    "npm_config_cidr": "",
    "npm_package_dependencies_bootstrap": "^4.3.1",
    "PWD": "/Users/fahad/Development/dates-hackathon",
    "npm_config_user": "",
    "npm_config_node_version": "11.12.0",
    "npm_package_bugs_url": "https://github.com/sahat/hackathon-starter/issues",
    "npm_package_dependencies_passport_linkedin_oauth2": "^2.0.0",
    "npm_package_dependencies_node_sass": "^4.12.0",
    "npm_lifecycle_event": "dev",
    "npm_package_devDependencies_chai": "^4.2.0",
    "npm_config_save": "true",
    "npm_config_ignore_prepublish": "",
    "npm_config_editor": "vi",
    "npm_config_auth_type": "legacy",
    "npm_package_repository_type": "git",
    "npm_package_name": "dates-hackathon",
    "LANG": "en_US.UTF-8",
    "npm_config_tag": "latest",
    "npm_config_script_shell": "",
    "npm_package_devDependencies_eslint_plugin_import": "^2.18.2",
    "npm_package_dependencies_body_parser": "^1.19.0",
    "ITERM_PROFILE": "Default",
    "npm_config_progress": "true",
    "npm_config_global": "",
    "npm_config_before": "",
    "npm_package_scripts_start": "node app.js",
    "npm_config_searchstaleness": "900",
    "npm_config_optional": "true",
    "npm_config_ham_it_up": "",
    "npm_package_dependencies_passport_oauth": "^1.0.0",
    "XPC_FLAGS": "0x0",
    "npm_config_save_prod": "",
    "npm_config_force": "",
    "npm_config_bin_links": "true",
    "npm_package_dependencies__octokit_rest": "^16.28.7",
    "npm_config_searchopts": "",
    "npm_package_engines_node": ">=8.16.1",
    "npm_package_dependencies__ladjs_bootstrap_social": "^7.0.2",
    "npm_config_node_gyp": "/usr/local/lib/node_modules/npm/node_modules/node-gyp/bin/node-gyp.js",
    "npm_config_depth": "Infinity",
    "npm_package_dependencies_express_session": "^1.16.2",
    "npm_config_sso_poll_frequency": "500",
    "npm_config_rebuild_bundle": "true",
    "npm_package_devDependencies_eslint_config_airbnb_base": "^14.0.0",
    "npm_package_dependencies_chart_js": "^2.8.0",
    "npm_package_version": "1.0.0",
    "XPC_SERVICE_NAME": "0",
    "npm_config_unicode": "true",
    "COLORFGBG": "7;0",
    "HOME": "/Users/fahad",
    "SHLVL": "2",
    "npm_config_fetch_retry_maxtimeout": "60000",
    "npm_package_devDependencies_nyc": "^14.1.1",
    "npm_package_scripts_test": "nyc mocha --timeout=10000 --exit",
    "npm_config_tag_version_prefix": "v",
    "npm_config_strict_ssl": "true",
    "npm_config_sso_type": "oauth",
    "npm_config_scripts_prepend_node_path": "warn-only",
    "npm_config_save_prefix": "^",
    "npm_config_loglevel": "notice",
    "npm_config_ca": "",
    "npm_package_dependencies_dotenv": "^8.0.0",
    "LC_TERMINAL_VERSION": "3.3.4",
    "npm_config_save_exact": "",
    "npm_config_group": "20",
    "npm_config_fetch_retry_factor": "10",
    "npm_config_dev": "",
    "npm_config_version": "",
    "npm_config_prefer_offline": "",
    "npm_config_cache_lock_stale": "60000",
    "npm_package_devDependencies_eslint_plugin_chai_friendly": "^0.4.1",
    "npm_package_dependencies_validator": "^11.1.0",
    "npm_package_dependencies_morgan": "^1.9.1",
    "npm_config_otp": "",
    "npm_config_cache_min": "10",
    "npm_package_dependencies_stripe": "^7.8.0",
    "npm_package_dependencies_passport_instagram": "^1.0.0",
    "npm_package_dependencies_express_handlebars": "^3.1.0",
    "npm_package_dependencies_clockwork": "^0.1.4",
    "npm_package_dependencies_chalk": "^2.4.2",
    "npm_package_dependencies__fortawesome_fontawesome_free": "^5.10.1",
    "ITERM_SESSION_ID": "w0t0p0:675466EE-71FA-4A55-9F3F-86DF24111DF0",
    "npm_config_searchexclude": "",
    "npm_config_cache": "/Users/fahad/.npm",
    "npm_package_dependencies_googleapis": "^42.0.0",
    "npm_package_dependencies_errorhandler": "^1.5.1",
    "LOGNAME": "fahad",
    "npm_lifecycle_script": "nodemon app.js",
    "npm_config_color": "true",
    "npm_package_dependencies_passport_snapchat": "^1.0.0",
    "npm_config_proxy": "",
    "npm_config_package_lock": "true",
    "npm_package_dependencies_nodemon": "^1.19.2",
    "npm_config_package_lock_only": "",
    "npm_config_save_optional": "",
    "npm_package_dependencies_tumblr_js": "^2.0.2",
    "npm_package_dependencies_passport_google_oauth": "^2.0.0",
    "npm_package_dependencies_passport_github": "^1.1.0",
    "npm_package_dependencies_jquery": "^3.4.1",
    "npm_config_ignore_scripts": "",
    "npm_config_user_agent": "npm/6.10.2 node/v11.12.0 darwin x64",
    "npm_config_cache_lock_wait": "10000",
    "npm_package_dependencies_node_sass_middleware": "^0.11.0",
    "npm_config_production": "",
    "LC_TERMINAL": "iTerm2",
    "npm_config_send_metrics": "",
    "npm_config_save_bundle": "",
    "npm_package_dependencies_express": "^4.17.1",
    "npm_config_umask": "0022",
    "npm_config_node_options": "",
    "npm_config_init_version": "1.0.0",
    "npm_package_dependencies_paypal_rest_sdk": "^1.8.1",
    "npm_config_init_author_name": "",
    "npm_config_git": "git",
    "npm_config_scope": "",
    "npm_package_dependencies_mailchecker": "^3.2.35",
    "SQLITE_EXEMPT_PATH_FROM_VNODE_GUARDS": "/Users/fahad/Library/WebKit/Databases",
    "npm_config_unsafe_perm": "true",
    "npm_config_tmp": "/var/folders/7r/8c_vgyyd22g48w9cjg41vdl80000gn/T",
    "npm_config_onload_script": "",
    "npm_node_execpath": "/usr/local/Cellar/node/11.12.0/bin/node",
    "npm_config_link": "",
    "npm_config_prefix": "/usr/local",
    "npm_package_dependencies_qrcode": "^1.4.2",
    "npm_package_dependencies_passport": "^0.4.0",
    "npm_package_dependencies_bcrypt": "^3.0.6",
    "COLORTERM": "truecolor",
    "BASE_URL": "http://localhost:8080",
    "MONGODB_URI": "mongodb://localhost:27017/test",
    "SESSION_SECRET": "Your Session Secret goes here",
    "MAILGUN_USER": "postmaster@sandbox697fcddc09814c6b83718b9fd5d4e5dc.mailgun.org",
    "MAILGUN_PASSWORD": "29eldds1uri6",
    "SENDGRID_USER": "hslogin",
    "SENDGRID_PASSWORD": "hspassword00",
    "NYT_KEY": "9548be6f3a64163d23e1539f067fcabd:5:68537648",
    "LASTFM_KEY": "c8c0ea1c4a6b199b3429722512fbd17f",
    "LASTFM_SECRET": "is cb7857b8fba83f819ea46ca13681fe71",
    "SNAPCHAT_ID": "181f414f-9581-4498-be9a-a223d024cf10",
    "SNAPCHAT_SECRET": "DyswCZGyuZl5BBEA1yWlcjyAoONB-_qw8WNodhc4hr4",
    "FACEBOOK_ID": "754220301289665",
    "FACEBOOK_SECRET": "41860e58c256a3d7ad8267d3c1939a4a",
    "INSTAGRAM_ID": "9f5c39ab236a48e0aec354acb77eee9b",
    "INSTAGRAM_SECRET": "5920619aafe842128673e793a1c40028",
    "GITHUB_ID": "cb448b1d4f0c743a1e36",
    "GITHUB_SECRET": "815aa4606f476444691c5f1c16b9c70da6714dc6",
    "TWITTER_KEY": "6NNBDyJ2TavL407A3lWxPFKBI",
    "TWITTER_SECRET": "ZHaYyK3DQCqv49Z9ofsYdqiUgeoICyh6uoBgFfu7OeYC7wTQKa",
    "GOOGLE_ID": "828110519058.apps.googleusercontent.com",
    "GOOGLE_SECRET": "JdZsIaWhUFIchmC1a_IZzOHb",
    "LINKEDIN_ID": "77chexmowru601",
    "LINKEDIN_SECRET": "szdC8lN2s2SuMSy8",
    "STEAM_KEY": "D1240DEF4D41D416FD291D0075B6ED3F",
    "TWILIO_SID": "AC6f0edc4c47becc6d0a952536fc9a6025",
    "TWILIO_TOKEN": "a67170ff7afa2df3f4c7d97cd240d0f3",
    "CLOCKWORK_KEY": "9ffb267f88df55762f74ba2f517a66dc8bedac5a",
    "STRIPE_SKEY": "sk_test_BQokikJOvBiI2HlWgH4olfQ2",
    "STRIPE_PKEY": "pk_test_6pRNASCoBOKtIshFeQd4XMUh",
    "TUMBLR_KEY": "FaXbGf5gkhswzDqSMYI42QCPYoHsu5MIDciAhTyYjehotQpJvM",
    "TUMBLR_SECRET": "QpCTs5IMMCsCImwdvFiqyGtIZwowF5o3UXonjPoNp4HVtJAL4o",
    "FOURSQUARE_ID": "2STROLSFBMZLAHG3IBA141EM2HGRF0IRIBB4KXMOGA2EH3JG",
    "FOURSQUARE_SECRET": "UAABFAWTIHIUFBL0PDC3TDMSXJF2GTGWLD3BES1QHXKAIYQB",
    "FOURSQUARE_REDIRECT_URL": "http://localhost:8080/auth/foursquare/callback",
    "PAYPAL_ID": "AdGE8hDyixVoHmbhASqAThfbBcrbcgiJPBwlAM7u7Kfq3YU-iPGc6BXaTppt",
    "PAYPAL_SECRET": "EPN0WxB5PaRaumTB1ZpCuuTqLqIlF6_EWUcAbZV99Eu86YeNBVm9KVsw_Ez5",
    "PAYPAL_RETURN_URL": "http://localhost:8080/api/paypal/success",
    "PAYPAL_CANCEL_URL": "http://localhost:8080/api/paypal/cancel",
    "LOB_KEY": "test_814e892b199d65ef6dbb3e4ad24689559ca",
    "PINTEREST_ID": "4819282851912494691",
    "PINTEREST_SECRET": "b32f578ad83d94c058c6682329220feda7e5817e043a1cc4a5a1e28f51c70301",
    "PINTEREST_REDIRECT_URL": "https://localhost:8080/auth/pinterest/callback",
    "GOOGLE_MAP_API_KEY": "google-map-api-key",
    "HERE_APP_ID": "aHxxxxxxxxxxxxxxlIgc",
    "HERE_APP_CODE": "9bxxxxxxxxxxxxxxxxJFHg",
    "ALPHA_VANTAGE_KEY": "api-key",
    "QUICKBOOKS_CLIENT_ID": "ABQSXxxxxxxxxxxxxxxxxxxxxxxxxxxxxxxxxxxxxxxxxnIxiz",
    "QUICKBOOKS_CLIENT_SECRET": "Kux3xxxxxxxxxxxxxxxxxxxxxxxxxxxxj58mqYCD"
  },
  "userLimits": {
    "core_file_size_blocks": {
      "soft": 0,
      "hard": "unlimited"
    },
    "data_seg_size_kbytes": {
      "soft": "unlimited",
      "hard": "unlimited"
    },
    "file_size_blocks": {
      "soft": "unlimited",
      "hard": "unlimited"
    },
    "max_locked_memory_bytes": {
      "soft": "unlimited",
      "hard": "unlimited"
    },
    "max_memory_size_kbytes": {
      "soft": "unlimited",
      "hard": "unlimited"
    },
    "open_files": {
      "soft": 24576,
      "hard": "unlimited"
    },
    "stack_size_bytes": {
      "soft": 8388608,
      "hard": 67104768
    },
    "cpu_time_seconds": {
      "soft": "unlimited",
      "hard": "unlimited"
    },
    "max_user_processes": {
      "soft": 1418,
      "hard": 1418
    },
    "virtual_memory_kbytes": {
      "soft": "unlimited",
      "hard": "unlimited"
    }
  },
  "sharedObjects": [
    "/usr/local/Cellar/node/11.12.0/bin/node",
    "/usr/local/opt/icu4c/lib/libicui18n.63.dylib",
    "/usr/local/opt/icu4c/lib/libicuuc.63.dylib",
    "/usr/local/opt/icu4c/lib/libicudata.63.1.dylib",
    "/System/Library/Frameworks/CoreFoundation.framework/Versions/A/CoreFoundation",
    "/usr/lib/libSystem.B.dylib",
    "/usr/lib/libc++.1.dylib",
    "/usr/lib/system/libcache.dylib",
    "/usr/lib/system/libcommonCrypto.dylib",
    "/usr/lib/system/libcompiler_rt.dylib",
    "/usr/lib/system/libcopyfile.dylib",
    "/usr/lib/system/libcorecrypto.dylib",
    "/usr/lib/system/libdispatch.dylib",
    "/usr/lib/system/libdyld.dylib",
    "/usr/lib/system/libkeymgr.dylib",
    "/usr/lib/system/liblaunch.dylib",
    "/usr/lib/system/libmacho.dylib",
    "/usr/lib/system/libquarantine.dylib",
    "/usr/lib/system/libremovefile.dylib",
    "/usr/lib/system/libsystem_asl.dylib",
    "/usr/lib/system/libsystem_blocks.dylib",
    "/usr/lib/system/libsystem_c.dylib",
    "/usr/lib/system/libsystem_configuration.dylib",
    "/usr/lib/system/libsystem_coreservices.dylib",
    "/usr/lib/system/libsystem_darwin.dylib",
    "/usr/lib/system/libsystem_dnssd.dylib",
    "/usr/lib/system/libsystem_info.dylib",
    "/usr/lib/system/libsystem_m.dylib",
    "/usr/lib/system/libsystem_malloc.dylib",
    "/usr/lib/system/libsystem_networkextension.dylib",
    "/usr/lib/system/libsystem_notify.dylib",
    "/usr/lib/system/libsystem_sandbox.dylib",
    "/usr/lib/system/libsystem_secinit.dylib",
    "/usr/lib/system/libsystem_kernel.dylib",
    "/usr/lib/system/libsystem_platform.dylib",
    "/usr/lib/system/libsystem_pthread.dylib",
    "/usr/lib/system/libsystem_symptoms.dylib",
    "/usr/lib/system/libsystem_trace.dylib",
    "/usr/lib/system/libunwind.dylib",
    "/usr/lib/system/libxpc.dylib",
    "/usr/lib/libobjc.A.dylib",
    "/usr/lib/libc++abi.dylib",
    "/usr/lib/libDiagnosticMessagesClient.dylib",
    "/usr/lib/libicucore.A.dylib",
    "/usr/lib/libz.1.dylib",
    "/System/Library/Frameworks/ApplicationServices.framework/Versions/A/ApplicationServices",
    "/System/Library/Frameworks/CoreGraphics.framework/Versions/A/CoreGraphics",
    "/System/Library/Frameworks/CoreText.framework/Versions/A/CoreText",
    "/System/Library/Frameworks/ImageIO.framework/Versions/A/ImageIO",
    "/System/Library/Frameworks/ColorSync.framework/Versions/A/ColorSync",
    "/System/Library/Frameworks/ApplicationServices.framework/Versions/A/Frameworks/ATS.framework/Versions/A/ATS",
    "/System/Library/Frameworks/ApplicationServices.framework/Versions/A/Frameworks/ColorSyncLegacy.framework/Versions/A/ColorSyncLegacy",
    "/System/Library/Frameworks/CoreServices.framework/Versions/A/CoreServices",
    "/System/Library/Frameworks/ApplicationServices.framework/Versions/A/Frameworks/HIServices.framework/Versions/A/HIServices",
    "/System/Library/Frameworks/ApplicationServices.framework/Versions/A/Frameworks/LangAnalysis.framework/Versions/A/LangAnalysis",
    "/System/Library/Frameworks/ApplicationServices.framework/Versions/A/Frameworks/PrintCore.framework/Versions/A/PrintCore",
    "/System/Library/Frameworks/ApplicationServices.framework/Versions/A/Frameworks/QD.framework/Versions/A/QD",
    "/System/Library/Frameworks/ApplicationServices.framework/Versions/A/Frameworks/SpeechSynthesis.framework/Versions/A/SpeechSynthesis",
    "/System/Library/PrivateFrameworks/SkyLight.framework/Versions/A/SkyLight",
    "/System/Library/Frameworks/IOSurface.framework/Versions/A/IOSurface",
    "/usr/lib/libxml2.2.dylib",
    "/System/Library/Frameworks/CFNetwork.framework/Versions/A/CFNetwork",
    "/System/Library/Frameworks/Accelerate.framework/Versions/A/Accelerate",
    "/System/Library/Frameworks/Foundation.framework/Versions/C/Foundation",
    "/usr/lib/libcompression.dylib",
    "/System/Library/Frameworks/SystemConfiguration.framework/Versions/A/SystemConfiguration",
    "/System/Library/Frameworks/CoreDisplay.framework/Versions/A/CoreDisplay",
    "/System/Library/Frameworks/IOKit.framework/Versions/A/IOKit",
    "/System/Library/Frameworks/Metal.framework/Versions/A/Metal",
    "/System/Library/Frameworks/MetalPerformanceShaders.framework/Versions/A/MetalPerformanceShaders",
    "/System/Library/PrivateFrameworks/MultitouchSupport.framework/Versions/A/MultitouchSupport",
    "/System/Library/Frameworks/Security.framework/Versions/A/Security",
    "/System/Library/Frameworks/QuartzCore.framework/Versions/A/QuartzCore",
    "/usr/lib/libbsm.0.dylib",
    "/usr/lib/liblzma.5.dylib",
    "/usr/lib/libauto.dylib",
    "/System/Library/Frameworks/DiskArbitration.framework/Versions/A/DiskArbitration",
    "/usr/lib/libarchive.2.dylib",
    "/usr/lib/liblangid.dylib",
    "/usr/lib/libCRFSuite.dylib",
    "/usr/lib/libenergytrace.dylib",
    "/usr/lib/system/libkxld.dylib",
    "/System/Library/PrivateFrameworks/AppleFSCompression.framework/Versions/A/AppleFSCompression",
    "/usr/lib/libOpenScriptingUtil.dylib",
    "/usr/lib/libcoretls.dylib",
    "/usr/lib/libcoretls_cfhelpers.dylib",
    "/usr/lib/libpam.2.dylib",
    "/usr/lib/libsqlite3.dylib",
    "/usr/lib/libxar.1.dylib",
    "/usr/lib/libbz2.1.0.dylib",
    "/usr/lib/libnetwork.dylib",
    "/usr/lib/libapple_nghttp2.dylib",
    "/usr/lib/libpcap.A.dylib",
    "/System/Library/Frameworks/CoreServices.framework/Versions/A/Frameworks/FSEvents.framework/Versions/A/FSEvents",
    "/System/Library/Frameworks/CoreServices.framework/Versions/A/Frameworks/CarbonCore.framework/Versions/A/CarbonCore",
    "/System/Library/Frameworks/CoreServices.framework/Versions/A/Frameworks/Metadata.framework/Versions/A/Metadata",
    "/System/Library/Frameworks/CoreServices.framework/Versions/A/Frameworks/OSServices.framework/Versions/A/OSServices",
    "/System/Library/Frameworks/CoreServices.framework/Versions/A/Frameworks/SearchKit.framework/Versions/A/SearchKit",
    "/System/Library/Frameworks/CoreServices.framework/Versions/A/Frameworks/AE.framework/Versions/A/AE",
    "/System/Library/Frameworks/CoreServices.framework/Versions/A/Frameworks/LaunchServices.framework/Versions/A/LaunchServices",
    "/System/Library/Frameworks/CoreServices.framework/Versions/A/Frameworks/DictionaryServices.framework/Versions/A/DictionaryServices",
    "/System/Library/Frameworks/CoreServices.framework/Versions/A/Frameworks/SharedFileList.framework/Versions/A/SharedFileList",
    "/System/Library/Frameworks/NetFS.framework/Versions/A/NetFS",
    "/System/Library/PrivateFrameworks/NetAuth.framework/Versions/A/NetAuth",
    "/System/Library/PrivateFrameworks/login.framework/Versions/A/Frameworks/loginsupport.framework/Versions/A/loginsupport",
    "/System/Library/PrivateFrameworks/TCC.framework/Versions/A/TCC",
    "/System/Library/PrivateFrameworks/CoreNLP.framework/Versions/A/CoreNLP",
    "/System/Library/PrivateFrameworks/MetadataUtilities.framework/Versions/A/MetadataUtilities",
    "/usr/lib/libmecabra.dylib",
    "/usr/lib/libmecab.1.0.0.dylib",
    "/usr/lib/libgermantok.dylib",
    "/usr/lib/libThaiTokenizer.dylib",
    "/usr/lib/libChineseTokenizer.dylib",
    "/usr/lib/libiconv.2.dylib",
    "/usr/lib/libcharset.1.dylib",
    "/System/Library/PrivateFrameworks/LanguageModeling.framework/Versions/A/LanguageModeling",
    "/System/Library/PrivateFrameworks/CoreEmoji.framework/Versions/A/CoreEmoji",
    "/System/Library/PrivateFrameworks/Lexicon.framework/Versions/A/Lexicon",
    "/System/Library/PrivateFrameworks/LinguisticData.framework/Versions/A/LinguisticData",
    "/usr/lib/libcmph.dylib",
    "/System/Library/Frameworks/CoreData.framework/Versions/A/CoreData",
    "/System/Library/Frameworks/OpenDirectory.framework/Versions/A/Frameworks/CFOpenDirectory.framework/Versions/A/CFOpenDirectory",
    "/System/Library/PrivateFrameworks/APFS.framework/Versions/A/APFS",
    "/usr/lib/libutil.dylib",
    "/System/Library/Frameworks/ServiceManagement.framework/Versions/A/ServiceManagement",
    "/System/Library/PrivateFrameworks/BackgroundTaskManagement.framework/Versions/A/BackgroundTaskManagement",
    "/usr/lib/libxslt.1.dylib",
    "/System/Library/Frameworks/Accelerate.framework/Versions/A/Frameworks/vImage.framework/Versions/A/vImage",
    "/System/Library/Frameworks/Accelerate.framework/Versions/A/Frameworks/vecLib.framework/Versions/A/vecLib",
    "/System/Library/Frameworks/Accelerate.framework/Versions/A/Frameworks/vecLib.framework/Versions/A/libvMisc.dylib",
    "/System/Library/Frameworks/Accelerate.framework/Versions/A/Frameworks/vecLib.framework/Versions/A/libvDSP.dylib",
    "/System/Library/Frameworks/Accelerate.framework/Versions/A/Frameworks/vecLib.framework/Versions/A/libBLAS.dylib",
    "/System/Library/Frameworks/Accelerate.framework/Versions/A/Frameworks/vecLib.framework/Versions/A/libLAPACK.dylib",
    "/System/Library/Frameworks/Accelerate.framework/Versions/A/Frameworks/vecLib.framework/Versions/A/libLinearAlgebra.dylib",
    "/System/Library/Frameworks/Accelerate.framework/Versions/A/Frameworks/vecLib.framework/Versions/A/libSparseBLAS.dylib",
    "/System/Library/Frameworks/Accelerate.framework/Versions/A/Frameworks/vecLib.framework/Versions/A/libQuadrature.dylib",
    "/System/Library/Frameworks/Accelerate.framework/Versions/A/Frameworks/vecLib.framework/Versions/A/libBNNS.dylib",
    "/System/Library/Frameworks/Accelerate.framework/Versions/A/Frameworks/vecLib.framework/Versions/A/libSparse.dylib",
    "/System/Library/PrivateFrameworks/GPUWrangler.framework/Versions/A/GPUWrangler",
    "/System/Library/PrivateFrameworks/IOAccelerator.framework/Versions/A/IOAccelerator",
    "/System/Library/PrivateFrameworks/IOPresentment.framework/Versions/A/IOPresentment",
    "/System/Library/PrivateFrameworks/DSExternalDisplay.framework/Versions/A/DSExternalDisplay",
    "/System/Library/Frameworks/OpenGL.framework/Versions/A/Libraries/libCoreFSCache.dylib",
    "/System/Library/Frameworks/MetalPerformanceShaders.framework/Frameworks/MPSCore.framework/Versions/A/MPSCore",
    "/System/Library/Frameworks/MetalPerformanceShaders.framework/Frameworks/MPSImage.framework/Versions/A/MPSImage",
    "/System/Library/Frameworks/MetalPerformanceShaders.framework/Frameworks/MPSNeuralNetwork.framework/Versions/A/MPSNeuralNetwork",
    "/System/Library/Frameworks/MetalPerformanceShaders.framework/Frameworks/MPSMatrix.framework/Versions/A/MPSMatrix",
    "/System/Library/Frameworks/MetalPerformanceShaders.framework/Frameworks/MPSRayIntersector.framework/Versions/A/MPSRayIntersector",
    "/System/Library/PrivateFrameworks/MetalTools.framework/Versions/A/MetalTools",
    "/System/Library/PrivateFrameworks/AggregateDictionary.framework/Versions/A/AggregateDictionary",
    "/usr/lib/libMobileGestalt.dylib",
    "/System/Library/Frameworks/CoreImage.framework/Versions/A/CoreImage",
    "/System/Library/Frameworks/CoreVideo.framework/Versions/A/CoreVideo",
    "/System/Library/Frameworks/OpenGL.framework/Versions/A/OpenGL",
    "/System/Library/PrivateFrameworks/GraphVisualizer.framework/Versions/A/GraphVisualizer",
    "/System/Library/PrivateFrameworks/FaceCore.framework/Versions/A/FaceCore",
    "/System/Library/Frameworks/OpenCL.framework/Versions/A/OpenCL",
    "/usr/lib/libFosl_dynamic.dylib",
    "/System/Library/PrivateFrameworks/OTSVG.framework/Versions/A/OTSVG",
    "/System/Library/Frameworks/ApplicationServices.framework/Versions/A/Frameworks/ATS.framework/Versions/A/Resources/libFontParser.dylib",
    "/System/Library/Frameworks/ApplicationServices.framework/Versions/A/Frameworks/ATS.framework/Versions/A/Resources/libFontRegistry.dylib",
    "/System/Library/Frameworks/ImageIO.framework/Versions/A/Resources/libJPEG.dylib",
    "/System/Library/Frameworks/ImageIO.framework/Versions/A/Resources/libTIFF.dylib",
    "/System/Library/Frameworks/ImageIO.framework/Versions/A/Resources/libPng.dylib",
    "/System/Library/Frameworks/ImageIO.framework/Versions/A/Resources/libGIF.dylib",
    "/System/Library/Frameworks/ImageIO.framework/Versions/A/Resources/libJP2.dylib",
    "/System/Library/Frameworks/ImageIO.framework/Versions/A/Resources/libRadiance.dylib",
    "/System/Library/PrivateFrameworks/AppleJPEG.framework/Versions/A/AppleJPEG",
    "/System/Library/Frameworks/OpenGL.framework/Versions/A/Libraries/libGFXShared.dylib",
    "/System/Library/Frameworks/OpenGL.framework/Versions/A/Libraries/libGLU.dylib",
    "/System/Library/Frameworks/OpenGL.framework/Versions/A/Libraries/libGL.dylib",
    "/System/Library/Frameworks/OpenGL.framework/Versions/A/Libraries/libGLImage.dylib",
    "/System/Library/Frameworks/OpenGL.framework/Versions/A/Libraries/libCVMSPluginSupport.dylib",
    "/System/Library/Frameworks/OpenGL.framework/Versions/A/Libraries/libCoreVMClient.dylib",
    "/usr/lib/libcups.2.dylib",
    "/System/Library/Frameworks/Kerberos.framework/Versions/A/Kerberos",
    "/System/Library/Frameworks/GSS.framework/Versions/A/GSS",
    "/usr/lib/libresolv.9.dylib",
    "/System/Library/PrivateFrameworks/Heimdal.framework/Versions/A/Heimdal",
    "/usr/lib/libheimdal-asn1.dylib",
    "/System/Library/Frameworks/OpenDirectory.framework/Versions/A/OpenDirectory",
    "/System/Library/PrivateFrameworks/CommonAuth.framework/Versions/A/CommonAuth",
    "/System/Library/Frameworks/SecurityFoundation.framework/Versions/A/SecurityFoundation",
    "/System/Library/Frameworks/CoreAudio.framework/Versions/A/CoreAudio",
    "/System/Library/Frameworks/AudioToolbox.framework/Versions/A/AudioToolbox",
    "/System/Library/PrivateFrameworks/AppleSauce.framework/Versions/A/AppleSauce",
    "/System/Library/PrivateFrameworks/AssertionServices.framework/Versions/A/AssertionServices",
    "/System/Library/PrivateFrameworks/BaseBoard.framework/Versions/A/BaseBoard",
    "/Users/fahad/Development/dates-hackathon/node_modules/node-sass/vendor/darwin-x64-67/binding.node",
    "/Users/fahad/Development/dates-hackathon/node_modules/bcrypt/lib/binding/bcrypt_lib.node"
  ]
}